{"cameraMode":{"drawMode":0,"name":"Shaded","section":"Shading Mode"},"sceneLighting":false,"audioPlay":false,"sceneViewState":{"showFog":true,"showMaterialUpdate":false,"showSkybox":true,"showFlares":true,"showImageEffects":true,"showParticleSystems":true},"in2DMode":false,"pivot":{"x":8.411479949951172,"y":1.0483466386795045,"z":0.03237199783325195},"rotation":{"x":0.13461974263191224,"y":-0.015136039815843106,"z":0.0020561490673571827,"w":0.9907796382904053},"size":8.34648323059082,"orthographic":false}