{"cameraMode":{"drawMode":0,"name":"Shaded","section":"Shading Mode"},"sceneLighting":false,"audioPlay":false,"sceneViewState":{"showFog":true,"showMaterialUpdate":false,"showSkybox":true,"showFlares":true,"showImageEffects":true,"showParticleSystems":true},"in2DMode":false,"pivot":{"x":3.954869508743286,"y":0.8608042001724243,"z":-0.3256704807281494},"rotation":{"x":0.00004605108915711753,"y":-0.03476838767528534,"z":0.0000014159842294247938,"w":0.9993954300880432},"size":9.292917251586914,"orthographic":false}