{"cameraMode":{"drawMode":0,"name":"Shaded","section":"Shading Mode"},"sceneLighting":false,"audioPlay":false,"sceneViewState":{"showFog":true,"showMaterialUpdate":false,"showSkybox":true,"showFlares":true,"showImageEffects":true,"showParticleSystems":true},"in2DMode":false,"pivot":{"x":26.08171272277832,"y":1.2350945472717286,"z":-0.711315393447876},"rotation":{"x":0.00004605108915711753,"y":-0.03476838767528534,"z":0.0000014159842294247938,"w":0.9993954300880432},"size":9.225432395935059,"orthographic":false}