{"cameraMode":{"drawMode":0,"name":"Shaded","section":"Shading Mode"},"sceneLighting":false,"audioPlay":false,"sceneViewState":{"showFog":true,"showMaterialUpdate":false,"showSkybox":true,"showFlares":true,"showImageEffects":true,"showParticleSystems":true},"in2DMode":false,"pivot":{"x":17.351356506347658,"y":629.1636962890625,"z":1274.347412109375},"rotation":{"x":-0.012187403626739979,"y":0.9854728579521179,"z":-0.14898955821990968,"w":-0.08060268312692642},"size":9.292830467224121,"orthographic":false}