{"cameraMode":{"drawMode":0,"name":"Shaded","section":"Shading Mode"},"sceneLighting":false,"audioPlay":false,"sceneViewState":{"showFog":true,"showMaterialUpdate":false,"showSkybox":true,"showFlares":true,"showImageEffects":true,"showParticleSystems":true},"in2DMode":false,"pivot":{"x":0.4154701232910156,"y":0.826535701751709,"z":-0.02920675277709961},"rotation":{"x":0.13461974263191224,"y":-0.015136039815843106,"z":0.0020561490673571827,"w":0.9907796382904053},"size":8.586657524108887,"orthographic":false}