{"cameraMode":{"drawMode":0,"name":"Shaded","section":"Shading Mode"},"sceneLighting":false,"audioPlay":false,"sceneViewState":{"showFog":true,"showMaterialUpdate":false,"showSkybox":true,"showFlares":true,"showImageEffects":true,"showParticleSystems":true},"in2DMode":false,"pivot":{"x":-2.229975700378418,"y":0.8082273006439209,"z":-2.2721662521362306},"rotation":{"x":0.13461974263191224,"y":-0.015136039815843106,"z":0.0020561490673571827,"w":0.9907796382904053},"size":7.979694843292236,"orthographic":false}