{"cameraMode":{"drawMode":0,"name":"Shaded","section":"Shading Mode"},"sceneLighting":false,"audioPlay":false,"sceneViewState":{"showFog":true,"showMaterialUpdate":false,"showSkybox":true,"showFlares":true,"showImageEffects":true,"showParticleSystems":true},"in2DMode":false,"pivot":{"x":16.689950942993165,"y":1.0636721849441529,"z":-0.12140250205993653},"rotation":{"x":0.13461974263191224,"y":-0.015136039815843106,"z":0.0020561490673571827,"w":0.9907796382904053},"size":8.346485137939454,"orthographic":false}