{"cameraMode":{"drawMode":0,"name":"Shaded","section":"Shading Mode"},"sceneLighting":false,"audioPlay":false,"sceneViewState":{"showFog":true,"showMaterialUpdate":false,"showSkybox":true,"showFlares":true,"showImageEffects":true,"showParticleSystems":true},"in2DMode":false,"pivot":{"x":25.748844146728517,"y":1.5571165084838868,"z":32.8668327331543},"rotation":{"x":0.13461974263191224,"y":-0.015136039815843106,"z":0.0020561490673571827,"w":0.9907796382904053},"size":15.196810722351075,"orthographic":false}