{"cameraMode":{"drawMode":0,"name":"Shaded","section":"Shading Mode"},"sceneLighting":false,"audioPlay":false,"sceneViewState":{"showFog":true,"showMaterialUpdate":false,"showSkybox":true,"showFlares":true,"showImageEffects":true,"showParticleSystems":true},"in2DMode":false,"pivot":{"x":3.134718894958496,"y":1.8576295375823975,"z":11.455878257751465},"rotation":{"x":-0.1805691421031952,"y":-0.6867015957832336,"z":0.18230964243412019,"w":-0.6801462769508362},"size":12.706186294555664,"orthographic":false}